{"boardSize":3,"offset":0.10000000149011612,"hexRadius":0.9790475368499756}